Timestamp,QCLevel,Item,Value,Target,Min,Max,Status
2026-10-07 10:02:02,QC1,AST,27.6000,30.0000,22.5000,37.5000,In-Control
2026-10-07 10:02:02,QC1,ALT,29.2000,28.0000,19.7500,36.2500,In-Control
2026-10-07 10:02:02,QC1,GGT,29.8000,35.0000,21.2500,48.7500,In-Control
2026-10-07 10:02:02,QC1,T-bil,0.6400,0.7000,0.4500,0.9500,In-Control
2026-10-07 10:02:02,QC1,D-bil,0.2000,0.2000,0.1000,0.3000,In-Control
2026-10-07 10:02:02,QC1,BUN,13.1000,14.0000,11.0000,17.0000,In-Control
2026-10-07 10:02:02,QC1,Crea,0.8600,0.9000,0.7250,1.0750,In-Control
2026-10-07 10:02:02,QC1,HDL-C,49.0000,50.0000,45.0000,55.0000,In-Control
2026-10-07 10:02:02,QC1,LDL-C,95.6000,95.0000,62.5000,127.5000,In-Control
2026-10-07 10:02:02,QC1,Cholesterol,160.7000,165.0000,145.0000,185.0000,In-Control
2026-10-07 10:02:02,QC1,T.G,99.1000,110.0000,78.7500,141.2500,In-Control
2026-10-07 10:02:02,QC1,Albumin,4.0500,4.2000,3.7750,4.6250,In-Control
2026-10-07 10:02:02,QC1,Glucose,82.5000,85.0000,77.5000,92.5000,In-Control
2026-10-07 10:02:02,QC1,T.P,7.2000,7.3000,6.8250,7.7750,In-Control
2026-10-07 10:02:02,QC1,Ca,9.2500,9.4000,9.0000,9.8000,In-Control
2026-10-07 10:02:02,QC1,SSA,56.3000,60.0000,52.5000,67.5000,In-Control
2026-10-07 10:02:02,QC1,IMA,28.7000,40.0000,18.7500,61.2500,In-Control
2026-10-07 10:02:04,QC2,AST,36.3000,30.0000,22.5000,37.5000,Warning(2SD)
2026-10-07 10:02:04,QC2,ALT,33.2000,28.0000,19.7500,36.2500,In-Control
2026-10-07 10:02:04,QC2,GGT,42.1000,35.0000,21.2500,48.7500,In-Control
2026-10-07 10:02:04,QC2,T-bil,0.7300,0.7000,0.4500,0.9500,In-Control
2026-10-07 10:02:04,QC2,D-bil,0.2900,0.2000,0.1000,0.3000,Warning(2SD)
2026-10-07 10:02:04,QC2,BUN,16.5000,14.0000,11.0000,17.0000,Warning(2SD)
2026-10-07 10:02:04,QC2,Crea,1.0200,0.9000,0.7250,1.0750,Warning(2SD)
2026-10-07 10:02:04,QC2,HDL-C,52.9000,50.0000,45.0000,55.0000,In-Control
2026-10-07 10:02:04,QC2,LDL-C,123.3000,95.0000,62.5000,127.5000,Warning(2SD)
2026-10-07 10:02:04,QC2,Cholesterol,179.9000,165.0000,145.0000,185.0000,Warning(2SD)
2026-10-07 10:02:04,QC2,T.G,118.4000,110.0000,78.7500,141.2500,In-Control
2026-10-07 10:02:04,QC2,Albumin,4.3200,4.2000,3.7750,4.6250,In-Control
2026-10-07 10:02:04,QC2,Glucose,87.2000,85.0000,77.5000,92.5000,In-Control
2026-10-07 10:02:04,QC2,T.P,7.5000,7.3000,6.8250,7.7750,In-Control
2026-10-07 10:02:04,QC2,Ca,9.5700,9.4000,9.0000,9.8000,In-Control
2026-10-07 10:02:04,QC2,SSA,62.5000,60.0000,52.5000,67.5000,In-Control
2026-10-07 10:02:04,QC2,IMA,62.8000,40.0000,18.7500,61.2500,Out-of-Control
2026-10-07 10:02:11,QC1,AST,25.5000,30.0000,22.5000,37.5000,In-Control
2026-10-07 10:02:11,QC1,ALT,24.0000,28.0000,19.7500,36.2500,In-Control
2026-10-07 10:02:11,QC1,GGT,33.2000,35.0000,21.2500,48.7500,In-Control
2026-10-07 10:02:11,QC1,T-bil,0.5800,0.7000,0.4500,0.9500,In-Control
2026-10-07 10:02:11,QC1,D-bil,0.1800,0.2000,0.1000,0.3000,In-Control
2026-10-07 10:02:11,QC1,BUN,12.2000,14.0000,11.0000,17.0000,In-Control
2026-10-07 10:02:11,QC1,Crea,0.8200,0.9000,0.7250,1.0750,In-Control
2026-10-07 10:02:11,QC1,HDL-C,46.4000,50.0000,45.0000,55.0000,Warning(2SD)
2026-10-07 10:02:11,QC1,LDL-C,93.3000,95.0000,62.5000,127.5000,In-Control
2026-10-07 10:02:11,QC1,Cholesterol,159.3000,165.0000,145.0000,185.0000,In-Control
2026-10-07 10:02:11,QC1,T.G,102.2000,110.0000,78.7500,141.2500,In-Control
2026-10-07 10:02:11,QC1,Albumin,4.2300,4.2000,3.7750,4.6250,In-Control
2026-10-07 10:02:11,QC1,Glucose,83.3000,85.0000,77.5000,92.5000,In-Control
2026-10-07 10:02:11,QC1,T.P,7.1000,7.3000,6.8250,7.7750,In-Control
2026-10-07 10:02:11,QC1,Ca,9.2400,9.4000,9.0000,9.8000,In-Control
2026-10-07 10:02:11,QC1,SSA,55.6000,60.0000,52.5000,67.5000,In-Control
2026-10-07 10:02:11,QC1,IMA,30.7000,40.0000,18.7500,61.2500,In-Control
