Item,Type,CurrentTests,MaxTests,LastUsedTime
AST,R1,250,250,2026-10-07 09:13:57
AST,R2,250,250,2026-10-07 09:13:57
ALT,R1,250,250,2026-10-07 09:13:57
ALT,R2,250,250,2026-10-07 09:13:57
GGT,R1,250,250,2026-10-07 09:13:57
GGT,R2,250,250,2026-10-07 09:13:57
T-bil,R1,250,250,2026-10-07 09:13:57
T-bil,R2,250,250,2026-10-07 09:13:57
D-bil,R1,250,250,2026-10-07 09:13:57
D-bil,R2,250,250,2026-10-07 09:13:57
BUN,R1,250,250,2026-10-07 09:13:57
BUN,R2,250,250,2026-10-07 09:13:57
Crea,R1,250,250,2026-10-07 09:13:57
Crea,R2,250,250,2026-10-07 09:13:57
HDL-C,R1,250,250,2026-10-07 09:13:57
HDL-C,R2,250,250,2026-10-07 09:13:57
LDL-C,R1,250,250,2026-10-07 09:13:57
LDL-C,R2,250,250,2026-10-07 09:13:57
Cholesterol,R1,250,250,2026-10-07 09:13:57
Cholesterol,R2,250,250,2026-10-07 09:13:57
T.G,R1,250,250,2026-10-07 09:13:57
T.G,R2,250,250,2026-10-07 09:13:57
Albumin,R1,250,250,2026-10-07 09:13:57
Albumin,R2,250,250,2026-10-07 09:13:57
Glucose,R1,250,250,2026-10-07 09:13:57
Glucose,R2,250,250,2026-10-07 09:13:57
T.P,R1,250,250,2026-10-07 09:13:57
T.P,R2,250,250,2026-10-07 09:13:57
Ca,R1,250,250,2026-10-07 09:13:57
Ca,R2,250,250,2026-10-07 09:13:57
SSA,R1,250,250,2026-10-07 09:13:57
SSA,R2,250,250,2026-10-07 09:13:57
IMA,R1,250,250,2026-10-07 09:13:57
IMA,R2,250,250,2026-10-07 09:13:57
